INSERT INTO CLIENTES (ClienteID, Nombre, Apellido, CUIT, Direccion, Comentarios) VALUES
(1, 'Feliciana', 'Cantón', '20-95822412-1', 'Urbanización Emilio Calatayud 719 Apt. 01 , Ceuta, 83863', 'Nihil repellat ab rem.'),
(2, 'José', 'Rocamora', '20-13356886-4', 'Glorieta María Carmen Navarro 2 Piso 1 , Huelva, 07816', 'Mollitia repudiandae.'),
(3, 'Esperanza', 'Pardo', '20-42868828-3', 'Urbanización María Teresa Mancebo 4, Jaén, 75255', 'Pariatur praesentium placeat.'),
(4, 'Calixto', 'Donoso', '20-28728463-1', 'C. de Julián Gimenez 40, Zaragoza, 64139', 'Distinctio libero suscipit odit.'),
(5, 'Eric', 'Landa', '20-83197857-1', 'Camino de Tiburcio Pujol 33, Ávila, 12269', 'Harum nisi.'),
(6, 'Adelina', 'Ángel', '20-89254563-6', 'Paseo Maricela Lasa 51, Cáceres, 04828', 'Sit error.'),
(7, 'Feliciana', 'Vera', '20-14265799-0', 'Rambla de Calista Abascal 157, Huesca, 30391', 'Quasi repellendus.'),
(8, 'Martirio', 'Casas', '20-22575562-3', 'Callejón Belén Rocha 48 Puerta 4 , Sevilla, 78713', 'Aperiam accusantium mollitia.'),
(9, 'Dionisia', 'Giménez', '20-41227216-8', 'Urbanización Borja Angulo 91, Cuenca, 38299', 'Doloribus labore illum atque.'),
(10, 'Genoveva', 'Rosa', '20-90801586-0', 'Pasaje de Rosario Balaguer 1 Piso 5 , Ciudad, 38726', 'Eius dolorum unde.');

INSERT INTO ARTICULOS (ArticuloID, Nombre, Precio, Stock) VALUES
(1, 'Notebook Lenovo', 226691.80, 93),
(2, 'Monitor LG 24''''', 282023.36, 63),
(3, 'Teclado Mecánico Redragon', 92074.05, 85),
(4, 'Mouse Logitech M170', 114885.33, 10),
(5, 'Disco SSD 1TB', 304728.91, 30),
(6, 'Memoria RAM 8GB', 280765.06, 53),
(7, 'Placa de video RTX 3060', 114759.18, 37),
(8, 'Fuente EVGA 600W', 383099.16, 53),
(9, 'Gabinete Gamer', 45373.06, 58),
(10, 'Cooler CPU', 43202.97, 54),
(11, 'Webcam Full HD', 243471.78, 15),
(12, 'Auriculares Bluetooth', 293244.06, 78),
(13, 'Router TP-Link', 54306.33, 58),
(14, 'Switch 8 Puertos', 36126.08, 47),
(15, 'Cable HDMI 2m', 332614.84, 89),
(16, 'Soporte Monitor', 354753.44, 56),
(17, 'Estabilizador de Voltaje', 233054.10, 100),
(18, 'Impresora HP Deskjet', 32474.28, 94),
(19, 'Cargador Universal', 95019.82, 47),
(20, 'Disco Externo 2TB', 394162.50, 39),
(21, 'Notebook HP', 347261.05, 58),
(22, 'Monitor Samsung 27''''', 114799.57, 91),
(23, 'Mousepad RGB', 334473.62, 30),
(24, 'Hub USB 4 puertos', 151221.48, 36),
(25, 'Joystick PC', 269719.19, 99),
(26, 'Micrófono Condensador', 374978.56, 92),
(27, 'Base Refrigerante', 33203.99, 91),
(28, 'Placa madre B450', 72599.77, 41),
(29, 'Combo Teclado y Mouse', 69543.99, 58),
(30, 'Parlantes Logitech', 111629.39, 91);

INSERT INTO FACTURAS (FacturaID, Letra, Numero, ClienteID, Fecha, Monto) VALUES
(1, 'A', 1001, 9, 2025-04-10, 1698414.72),
(2, 'A', 1002, 6, 2025-05-15, 269719.19),
(3, 'A', 1003, 4, 2025-05-20, 609457.82),
(4, 'B', 1004, 6, 2025-05-20, 820458.25),
(5, 'A', 1005, 5, 2025-04-20, 731636.58),
(6, 'C', 1006, 4, 2025-03-07, 1534376.90),
(7, 'A', 1007, 6, 2025-03-02, 1539343.90),
(8, 'B', 1008, 8, 2025-04-30, 453664.44),
(9, 'A', 1009, 8, 2025-04-19, 990291.79),
(10, 'A', 1010, 5, 2025-05-18, 1981276.98),
(11, 'C', 1011, 4, 2025-02-27, 2642712.84),
(12, 'C', 1012, 9, 2025-03-07, 561579.97),
(13, 'C', 1013, 5, 2025-05-26, 2298594.96),
(14, 'B', 1014, 10, 2025-05-10, 368296.20),
(15, 'B', 1015, 10, 2025-05-19, 1348595.95);

INSERT INTO DETALLE (DetalleID, ArticuloID, FacturaID, Cantidad) VALUES
(1, 8, 1, 2),
(2, 17, 1, 4),
(3, 25, 2, 1),
(4, 5, 3, 2),
(5, 14, 4, 5),
(6, 3, 4, 4),
(7, 13, 4, 5),
(8, 17, 5, 3),
(9, 18, 5, 1),
(10, 24, 6, 1),
(11, 22, 6, 5),
(12, 25, 6, 3),
(13, 11, 7, 1),
(14, 10, 7, 4),
(15, 6, 7, 4),
(16, 24, 8, 3),
(17, 25, 9, 2),
(18, 17, 9, 1),
(19, 28, 9, 3),
(20, 17, 10, 5),
(21, 7, 10, 2),
(22, 12, 10, 2),
(23, 25, 11, 5),
(24, 30, 11, 1),
(25, 20, 11, 3),
(26, 1, 12, 1),
(27, 30, 12, 3),
(28, 8, 13, 1),
(29, 8, 13, 5),
(30, 3, 14, 4),
(31, 25, 15, 5);